{
  "Logistic Regression": {
    "accuracy": 0.5065558897961132,
    "precision": 0.6710402799112477,
    "recall": 0.4645594860054649,
    "f1": 0.5490281644658177
  },
  "KNN": {
    "accuracy": 0.61375,
    "precision": 0.6480187814933578,
    "recall": 0.8776269872043427,
    "f1": 0.7455449784248493
  },
  "Naive Bayes": {
    "accuracy": 0.4976937401518407,
    "precision": 0.6730513678229391,
    "recall": 0.43388228343549223,
    "f1": 0.5276288493143304
  }
}